exeCycle,class,method,variables
0,presage.CoreMethods,activateParticipant,Nameserver
0,presage.CoreMethods,activateParticipant,BallotBox
0,presage.CoreMethods,activateParticipant,Agent Smith
0,presage.CoreMethods,activateParticipant,Mr Incredible
0,presage.CoreMethods,activateParticipant,Cheese
0,presage.CoreMethods,activateParticipant,Ghostie
0,presage.CoreMethods,activateParticipant,Agent Orange
0,presage.CoreMethods,activateParticipant,Auctionhouse
0,presage.CoreMethods,activateParticipant,Bank
0,presage.CoreMethods,activateParticipant,Arbiter
